2025-06-24 14:55:10,4251106715,7) Senior Software Engineer – Quant Full Stack & Infrastructure (Team Lead),Trireme,True,False
2025-06-24 14:55:18,4239510118,7) Full Stack Data Engineer,Kolayo,True,False
2025-06-24 14:55:25,4250197984,7) Software Engineer (Python) - AI Platform,Revolut,True,False
2025-06-24 14:55:33,4244580444,7) Junior Software Engineer,Intellect Group,True,False
2025-06-24 14:55:40,4251611543,7) Full Stack Software Developer,Consult,True,False
2025-06-24 14:55:48,4253698601,7) Senior/Staff Python Engineer,Howrecruit,True,False
2025-06-24 14:55:56,4240024932,7) Full stack Developer,SmartChoice International Limited,True,False
2025-06-24 14:56:21,4251106715,7) Senior Software Engineer – Quant Full Stack & Infrastructure (Team Lead),Trireme,True,False
2025-06-24 14:56:28,4239510118,7) Full Stack Data Engineer,Kolayo,True,False
2025-06-24 14:56:35,4250197984,7) Software Engineer (Python) - AI Platform,Revolut,True,False
2025-06-24 14:56:43,4244580444,7) Junior Software Engineer,Intellect Group,True,False
2025-06-24 14:56:50,4251611543,7) Full Stack Software Developer,Consult,True,False
2025-06-24 14:56:58,4253698601,7) Senior/Staff Python Engineer,Howrecruit,True,False
2025-06-24 14:57:06,4240024932,7) Full stack Developer,SmartChoice International Limited,True,False
2025-06-24 14:57:30,4251106715,7) Senior Software Engineer – Quant Full Stack & Infrastructure (Team Lead),Trireme,True,False
2025-06-24 14:57:38,4239510118,7) Full Stack Data Engineer,Kolayo,True,False
2025-06-24 14:57:45,4250197984,7) Software Engineer (Python) - AI Platform,Revolut,True,False
2025-06-24 14:57:53,4244580444,7) Junior Software Engineer,Intellect Group,True,False
2025-06-24 14:58:01,4251611543,7) Full Stack Software Developer,Consult,True,False
2025-06-24 15:02:39,4251106715,8) Senior Software Engineer – Quant Full Stack & Infrastructure (Team Lead),Trireme,True,False
2025-06-24 15:02:46,4239510118,8) Full Stack Data Engineer,Kolayo,True,False
2025-06-24 15:02:53,4250197984,8) Software Engineer (Python) - AI Platform,Revolut,True,False
2025-06-24 15:03:01,4244580444,8) Junior Software Engineer,Intellect Group,True,False
2025-06-24 15:38:11,4251106715,8) Senior Software Engineer – Quant Full Stack & Infrastructure (Team Lead),Trireme,True,False
2025-06-24 15:38:18,4239510118,8) Full Stack Data Engineer,Kolayo,True,False
2025-06-24 15:38:26,4250197984,8) Software Engineer (Python) - AI Platform,Revolut,True,False
2025-06-24 15:38:34,4244580444,8) Junior Software Engineer,Intellect Group,True,False
2025-06-24 15:38:41,4251611543,8) Full Stack Software Developer,Consult,True,False
2025-06-24 15:38:49,4253698601,8) Senior/Staff Python Engineer,Howrecruit,True,False
2025-06-24 15:38:58,4240024932,8) Full stack Developer,SmartChoice International Limited,True,False
2025-06-24 21:01:09,4240283286,9) Golang/Python +AWS Developer,Tata Consultancy Services,,True,False
2025-06-24 21:01:16,4255258352,9) Python Developer,Insight Global,,True,False
2025-06-24 21:01:25,4247366519,9) Senior Backend Engineer (Python),Fractal,,True,False
2025-06-24 21:01:33,4255559700,9) DevOps Engineer,Optomi,,True,False
2025-06-24 21:01:47,4252703171,9) API Developer,Brooksource,,True,False
2025-06-24 21:01:55,4253694635,9) Sr Python Backend Engineer,Ledgent Technology,,True,False
2025-06-24 21:02:04,4245388620,9) DevOps Engineer (Linux & Python) Remote,Conexess Group,,True,False
2025-06-24 21:29:32,4240283286,0) Golang/Python +AWS Developer,Tata Consultancy Services,,True,False
2025-06-24 21:29:40,4255258352,0) Python Developer,Insight Global,,True,False
2025-06-24 21:29:48,4247366519,0) Senior Backend Engineer (Python),Fractal,,True,False
2025-06-24 21:29:56,4255559700,0) DevOps Engineer,Optomi,,True,False
2025-06-24 21:32:17,4242844441,0) Senior Python Engineer,Complyfirst,,True,False
2025-06-24 21:32:28,4253152088,0) Senior Machine Learning Engineer,un:hurd music,,True,False
2025-06-24 21:32:36,4255565747,0) Senior Python Engineer,Pure Resourcing Solutions,,True,False
2025-06-24 21:32:44,4251722454,0) Senior Software Engineer – ML Data Platform,Zettafleet,,True,False
2025-06-24 21:32:52,4248185713,0) Python Software Engineer : 1+ year experience needed £80-150k,Hunter Bond,,True,False
2025-06-24 21:33:00,4254512594,0) Full stack product engineer (React & Go) in fintech,Infact,,True,False
2025-06-24 21:33:08,4255080560,0) Full Stack Engineer,Capgemini,,True,False
2025-06-24 21:33:33,4253152088,0) Senior Machine Learning Engineer,un:hurd music,,True,False
2025-06-24 21:33:41,4242844441,0) Senior Python Engineer,Complyfirst,,True,False
2025-06-24 21:33:49,4255565747,0) Senior Python Engineer,Pure Resourcing Solutions,,True,False
2025-06-24 21:33:56,4251722454,0) Senior Software Engineer – ML Data Platform,Zettafleet,,True,False
2025-06-24 21:34:04,4248185713,0) Python Software Engineer : 1+ year experience needed £80-150k,Hunter Bond,,True,False
